City_ID,City,Lat,Lng,Max Temp,Humidity,Cloudiness,Wind Speed,Country,Date
0,severo-kurilsk,50.6789,156.125,-9.21,77,100,9.72,RU,1673992960
1,nikolskoye,59.7035,30.7861,0.94,97,100,4.63,RU,1673992961
2,rikitea,-23.1203,-134.9692,25.84,70,100,2.19,PF,1673992962
3,trairi,-3.2778,-39.2689,25.81,78,10,4.82,BR,1673992792
4,nyagan,62.1406,65.3936,-12.73,86,52,3.25,RU,1673992963
5,caala,-12.8525,15.5606,15.69,94,97,1.05,AO,1673992965
6,thiers,45.8333,3.5,3.18,92,80,2.35,FR,1673992966
7,yellowknife,62.456,-114.3525,-13.78,97,94,2.24,CA,1673992966
8,broken hill,-31.95,141.4333,26.56,48,44,8.08,AU,1673992967
9,tura,25.5198,90.2201,10.13,48,0,1.38,IN,1673992968
10,longyearbyen,78.2186,15.6401,-8.09,57,0,7.72,SJ,1673992969
11,albany,42.6001,-73.9662,0.49,79,100,0.29,US,1673992814
12,busselton,-33.65,115.3333,12.93,65,51,6.17,AU,1673992858
13,punta arenas,-53.15,-70.9167,17.84,42,100,9.07,CL,1673992872
14,tuatapere,-46.1333,167.6833,18.92,57,13,1.12,NZ,1673992973
15,colares,38.7992,-9.4469,11.81,76,98,10.73,PT,1673992974
16,tautira,-17.7333,-149.15,26.81,76,15,5.82,PF,1673992975
17,te anau,-45.4167,167.7167,19.24,58,35,0.99,NZ,1673992976
18,mahebourg,-20.4081,57.7,25.7,83,89,8.79,MU,1673992977
19,kaeo,-35.1,173.7833,21.0,58,39,3.9,NZ,1673992977
20,souillac,-20.5167,57.5167,25.17,84,94,7.98,MU,1673992978
21,ribeira grande,38.5167,-28.7,14.32,91,37,5.36,PT,1673992979
22,provideniya,64.3833,-173.3,-22.94,59,0,5.0,RU,1673992859
23,vostok,46.4856,135.8833,-22.63,99,100,1.52,RU,1673992981
24,conde,-7.2597,-34.9075,24.95,81,100,4.11,BR,1673992982
25,qaanaaq,77.484,-69.3632,-27.49,83,77,2.89,GL,1673992983
26,jamestown,42.097,-79.2353,8.3,60,100,3.6,US,1673992788
27,hilo,19.7297,-155.09,25.9,90,35,4.02,US,1673992700
28,ancud,-41.8697,-73.8203,17.0,67,96,2.57,CL,1673992986
29,port alfred,-33.5906,26.891,24.54,96,96,1.8,ZA,1673992860
30,vaini,-21.2,-175.2,29.09,74,75,2.57,TO,1673992989
31,jashpurnagar,22.9,84.15,9.99,51,0,2.38,IN,1673992990
32,panjab,34.388,67.0233,-14.39,84,100,1.97,AF,1673992991
33,mataura,-46.1927,168.8643,19.17,56,17,1.3,NZ,1673992992
34,noumea,-22.2763,166.4572,27.78,99,100,4.46,NC,1673992718
35,alice springs,-23.7,133.8833,31.23,40,40,2.06,AU,1673992995
36,leningradskiy,69.3833,178.4167,-34.53,98,93,3.1,RU,1673992996
37,saint-philippe,-21.3585,55.7679,25.77,80,98,6.79,RE,1673992997
38,marsh harbour,26.5412,-77.0636,21.37,58,7,3.13,BS,1673992999
39,bambous virieux,-20.3428,57.7575,25.68,83,89,8.79,MU,1673993000
40,lorengau,-2.0226,147.2712,26.94,78,100,1.76,PG,1673993001
41,beringovskiy,63.05,179.3167,-26.45,96,100,6.91,RU,1673993002
42,codrington,-38.2667,141.9667,15.84,85,100,5.75,AU,1673993004
43,isangel,-19.55,169.2667,26.06,83,100,2.06,VU,1673993005
44,barra do corda,-5.5,-45.25,21.92,96,100,2.0,BR,1673993006
45,namibe,-15.1961,12.1522,23.43,77,99,3.26,AO,1673993007
46,padang,-0.9492,100.3543,24.03,91,100,1.87,ID,1673992814
47,mecca,21.4267,39.8261,20.85,50,90,2.18,SA,1673992730
48,ponta do sol,32.6667,-17.1,17.35,77,18,2.75,PT,1673993010
49,puerto ayora,-0.7393,-90.3518,29.98,91,77,1.34,EC,1673992740
50,guerrero negro,27.9769,-114.0611,16.87,55,1,10.88,MX,1673993012
51,georgetown,5.4112,100.3354,24.97,73,20,2.06,MY,1673992832
52,avarua,-21.2078,-159.775,28.03,74,100,4.63,CK,1673993014
53,khatanga,71.9667,102.5,-39.22,100,37,2.26,RU,1673993015
54,bengkulu,-3.8004,102.2655,23.96,89,100,2.44,ID,1673993015
55,nicoya,10.1483,-85.452,30.98,49,25,1.44,CR,1673993016
56,iqaluit,63.7506,-68.5145,-24.06,63,100,2.51,CA,1673993017
57,cape town,-33.9258,18.4232,24.65,74,0,3.6,ZA,1673992766
58,elko,41.0002,-115.5012,-0.7,67,100,7.15,US,1673993019
59,sao joao da barra,-21.6403,-41.0511,26.05,87,5,5.74,BR,1673993021
60,krasnozerskoye,53.9828,79.2374,-19.95,98,6,2.9,RU,1673993022
61,petropavlovsk-kamchatskiy,53.0452,158.6483,-20.67,71,0,6.0,RU,1673992998
62,thompson,55.7435,-97.8558,-14.84,97,98,0.62,CA,1673993024
63,stephenville,32.2207,-98.2023,26.07,20,0,2.06,US,1673992851
64,bluff,-46.6,168.3333,15.66,66,62,2.83,NZ,1673993025
65,pangnirtung,66.1451,-65.7125,-26.03,72,100,1.22,CA,1673993026
66,lebu,-37.6167,-73.65,16.76,72,4,5.48,CL,1673993027
67,mar del plata,-38.0023,-57.5575,23.24,95,100,2.68,AR,1673992836
68,atuona,-9.8,-139.0333,25.72,77,26,8.01,PF,1673993029
69,peniche,39.3558,-9.3811,11.98,80,99,16.17,PT,1673993030
70,balabac,7.9868,117.0645,25.86,80,99,1.08,PH,1673993031
71,ushuaia,-54.8,-68.3,14.79,61,100,4.04,AR,1673993032
72,olafsvik,64.8945,-23.7142,-3.89,67,67,6.67,IS,1673993033
73,faya,18.3851,42.4509,10.29,78,15,1.37,SA,1673992970
74,guymon,36.6828,-101.4816,16.0,36,40,7.2,US,1673993035
75,hermanus,-34.4187,19.2345,23.22,85,51,4.58,ZA,1673993036
76,bredasdorp,-34.5322,20.0403,21.06,93,88,3.42,ZA,1673993037
77,kapaa,22.0752,-159.319,27.49,66,0,4.63,US,1673993010
78,kodiak,57.79,-152.4072,1.6,98,100,4.67,US,1673992846
79,east london,-33.0153,27.9116,24.23,93,83,1.08,ZA,1673992839
80,eyl,7.9803,49.8164,23.32,74,83,6.94,SO,1673993041
81,lagoa,39.05,-27.9833,13.86,73,80,6.57,PT,1673993043
82,pedernales,18.0384,-71.744,25.74,62,7,1.29,DO,1673993044
83,salalah,17.0151,54.0924,22.05,73,0,1.03,OM,1673993045
84,banjarmasin,-3.3244,114.591,24.08,91,99,1.12,ID,1673993046
85,kavieng,-2.5744,150.7967,26.62,78,100,2.58,PG,1673993048
86,goundi,9.3627,17.366,25.45,20,100,1.85,TD,1673993049
87,santiago,-33.4569,-70.6483,29.05,35,0,7.2,CL,1673992538
88,nikel,69.4128,30.222,-7.9,91,14,3.94,RU,1673993051
89,taltal,-25.4,-70.4833,21.76,69,0,3.78,CL,1673992826
90,mitchell,43.7094,-98.0298,-3.83,82,100,4.63,US,1673993053
91,acuexcomac,19.0333,-98.3833,21.56,30,40,6.17,MX,1673993054
92,upernavik,72.7868,-56.1549,-22.51,95,100,1.61,GL,1673993056
93,saldanha,-33.0117,17.9442,18.0,94,72,4.94,ZA,1673993058
94,bethel,41.3712,-73.414,6.22,60,100,1.54,US,1673993060
95,manta,-0.95,-80.7333,28.88,70,75,4.63,EC,1673993062
96,areosa,41.7178,-8.8571,8.72,70,100,12.48,PT,1673993064
97,tepic,21.5,-104.9,23.72,50,100,5.14,MX,1673993065
98,tzaneen,-23.8332,30.1635,21.05,80,75,0.76,ZA,1673993066
99,bani walid,31.7566,13.9942,13.29,30,0,6.19,LY,1673993067
100,new norfolk,-42.7826,147.0587,18.73,67,100,0.89,AU,1673993068
101,tyup,42.7276,78.3648,-12.23,77,15,2.25,KG,1673993069
102,yopal,5.3378,-72.3959,27.94,53,99,1.93,CO,1673993070
103,lalibela,12.0333,39.0333,13.51,46,32,3.35,ET,1673993071
104,myjava,48.7588,17.5687,2.43,100,100,2.28,SK,1673993073
105,sargatskoye,55.6101,73.4972,-15.95,88,8,3.32,RU,1673993074
106,arraial do cabo,-22.9661,-42.0278,23.92,88,0,8.23,BR,1673993075
107,esperance,-33.8667,121.9,15.76,68,99,6.35,AU,1673993075
108,tanout,14.9709,8.8879,16.75,23,18,5.09,NE,1673993076
109,pak phanang,8.3511,100.202,24.58,79,83,0.72,TH,1673993078
110,kirando,-7.4167,30.6,21.67,84,99,2.0,TZ,1673993079
111,sao filipe,14.8961,-24.4956,25.12,61,94,4.99,CV,1673993080
112,aklavik,68.2191,-135.0107,-29.86,99,90,2.04,CA,1673993081
113,yizheng,24.6706,103.4296,1.78,85,100,1.92,CN,1673993082
114,presidencia roque saenz pena,-26.7852,-60.4388,38.22,23,2,1.81,AR,1673993083
115,chumikan,54.7183,135.315,-36.12,91,61,4.57,RU,1673993084
116,hobart,-42.8794,147.3294,18.48,91,75,4.63,AU,1673992503
117,palmer,42.1584,-72.3287,6.62,69,100,2.07,US,1673992800
118,rabaul,-4.1967,152.1721,26.57,80,100,2.33,PG,1673993086
119,castro,-24.7911,-50.0119,20.83,86,88,1.76,BR,1673993087
120,cherskiy,68.75,161.3,-44.35,99,56,2.1,RU,1673992877
121,sitka,57.0531,-135.33,7.94,61,75,8.23,US,1673993089
122,tasiilaq,65.6145,-37.6368,-9.91,85,100,5.03,GL,1673992943
123,hasaki,35.7333,140.8333,4.05,87,90,5.81,JP,1673993090
124,camacha,33.0833,-16.3333,14.68,88,40,6.69,PT,1673993091
125,caruaru,-8.2833,-35.9761,22.05,81,100,3.28,BR,1673993092
126,hay river,60.8156,-115.7999,-11.69,97,64,1.92,CA,1673993093
127,ayna,-12.65,-73.9167,21.41,64,92,1.83,PE,1673993094
128,clyde river,70.4692,-68.5914,-30.47,99,86,0.78,CA,1673993095
129,kruisfontein,-34.0033,24.7314,23.27,90,100,3.01,ZA,1673993096
130,vieksniai,56.2333,22.5167,1.75,91,100,4.17,LT,1673993097
131,irkutsk,52.2978,104.2964,-12.57,85,75,1.0,RU,1673993098
132,alcaniz,41.05,-0.1333,6.28,57,66,11.78,ES,1673992510
133,axim,4.8699,-2.2405,26.56,83,35,3.46,GH,1673993101
134,sabang,5.8933,95.3214,26.36,68,100,5.45,ID,1673993102
135,payo,-3.7508,103.6372,21.9,98,100,0.96,ID,1673993103
136,naantali,60.4674,22.0243,1.73,100,100,5.14,FI,1673993104
137,lac du bonnet,50.2536,-96.0612,-8.37,92,100,2.53,CA,1673992816
138,kovin,44.7475,20.9761,13.83,66,100,8.63,RS,1673993068
139,riyadh,24.6877,46.7219,10.08,79,0,5.77,SA,1673993086
140,opuwo,-18.0607,13.84,21.24,71,98,3.2,NA,1673993109
141,pisco,-13.7,-76.2167,25.03,65,0,8.23,PE,1673993109
142,praia,14.9215,-23.5087,23.3,78,75,10.29,CV,1673993111
143,kaitangata,-46.2817,169.8464,17.02,63,62,2.05,NZ,1673993112
144,carnarvon,-24.8667,113.6333,23.79,72,2,7.37,AU,1673993113
145,bom jesus,-9.0744,-44.3586,26.17,57,100,1.98,BR,1673992926
146,mount isa,-20.7333,139.5,25.87,65,1,3.09,AU,1673993115
147,green river,41.5286,-109.4662,-1.78,65,98,0.45,US,1673993116
148,saskylakh,71.9167,114.0833,-35.36,100,64,3.09,RU,1673992955
149,ilulissat,69.2167,-51.1,-23.99,53,40,2.06,GL,1673993118
150,airai,-8.9266,125.4092,16.07,88,90,0.65,TL,1673992872
151,guarapari,-20.6667,-40.4975,26.05,87,9,3.9,BR,1673993121
152,oktyabrskoye,43.0645,44.7417,-2.92,93,42,1.0,RU,1673993122
153,oranjemund,-28.55,16.4333,18.83,90,94,1.96,NA,1673993123
154,steubenville,40.3698,-80.634,12.32,81,91,0.45,US,1673992627
155,katsuura,35.1333,140.3,5.01,88,81,4.1,JP,1673993124
156,wanxian,30.8039,108.3897,3.68,88,100,0.76,CN,1673993125
157,alofi,-19.0595,-169.9187,28.94,79,40,2.57,NU,1673993126
158,okha,53.5739,142.9478,-35.75,97,86,1.35,RU,1673993127
159,mugur-aksy,50.35,90.5,-18.27,89,75,3.81,RU,1673993129
160,ubinskoye,55.3068,79.6802,-19.23,99,10,2.7,RU,1673993130
161,naze,28.3667,129.4833,13.1,71,84,6.93,JP,1673993131
162,yamada,39.4667,141.95,1.18,74,79,2.57,JP,1673993133
163,victoria,22.2855,114.1577,12.92,68,100,8.05,HK,1673993134
164,luderitz,-26.6481,15.1594,19.16,84,27,1.09,NA,1673993135
165,arona,28.0996,-16.681,14.51,69,20,5.14,ES,1673992868
166,pachino,36.7186,15.0907,16.3,70,1,10.08,IT,1673993136
167,carutapera,-1.195,-46.02,24.44,88,100,2.97,BR,1673993137
168,vardo,70.3705,31.1107,-4.01,80,29,11.32,NO,1673993139
169,kidal,18.4411,1.4078,19.46,17,1,4.36,ML,1673993140
170,santa maria,-29.6842,-53.8069,33.32,31,0,4.73,BR,1673993028
171,portland,45.5234,-122.6762,10.69,76,100,4.92,US,1673992810
172,eureka,40.8021,-124.1637,12.89,64,10,0.89,US,1673993142
173,sola,-13.8833,167.55,27.11,80,92,8.71,VU,1673993143
174,tuktoyaktuk,69.4541,-133.0374,-24.39,97,94,3.53,CA,1673993094
175,do gonbadan,30.3586,50.7981,8.46,93,75,0.67,IR,1673993145
176,chuy,-33.6971,-53.4616,23.07,69,0,5.85,UY,1673993146
177,tricase,39.9304,18.3553,14.06,83,100,12.29,IT,1673993147
178,gouyave,12.1646,-61.7296,24.61,78,34,4.68,GD,1673993148
179,butaritari,3.0707,172.7902,27.53,79,20,8.44,KI,1673993150
180,norman wells,65.282,-126.8329,-17.98,78,75,1.03,CA,1673993103
181,darhan,49.4867,105.9228,-17.1,98,100,1.83,MN,1673993152
182,cardoso,-20.0819,-49.9142,26.52,68,99,1.87,BR,1673993153
183,wukari,7.85,9.7833,24.71,21,56,2.49,NG,1673993154
184,waingapu,-9.6567,120.2641,25.62,84,99,1.67,ID,1673993155
185,kyabe,9.4515,18.9449,26.24,20,81,2.37,TD,1673993156
186,cidreira,-30.1811,-50.2056,23.72,82,49,5.85,BR,1673993018
187,northam,51.0333,-4.2167,4.23,75,62,7.25,GB,1673993158
188,valparaiso,-33.0393,-71.6273,20.26,100,1,4.9,CL,1673992904
189,almeirim,-1.5233,-52.5817,25.29,82,82,1.95,BR,1673992908
190,agadez,19.75,10.25,14.36,24,1,2.77,NE,1673993161
191,catio,11.2833,-15.25,22.63,78,64,0.79,GW,1673993162
192,farafangana,-22.8167,47.8333,24.1,83,12,1.4,MG,1673993163
193,mao,39.8885,4.2658,10.31,71,20,8.23,ES,1673993164
194,haines junction,60.7522,-137.5108,-8.64,95,100,0.59,CA,1673993165
195,henties bay,-22.116,14.2845,20.14,82,99,3.27,NA,1673993166
196,seydi,39.4816,62.9137,-6.57,77,12,3.03,TM,1673993167
197,sinnamary,5.3833,-52.95,24.35,83,90,3.75,GF,1673993168
198,novyy urgal,51.0736,132.5642,-35.62,100,100,0.76,RU,1673993169
199,verkhozim,52.7122,45.418,-10.33,91,100,4.01,RU,1673993170
200,east bethel,45.3194,-93.2025,2.27,92,100,1.34,US,1673993171
201,saint anthony,45.0205,-93.218,2.36,89,100,6.17,US,1673993172
202,srandakan,-7.9386,110.2506,24.2,90,98,2.14,ID,1673993173
203,bogoslovka,53.2084,44.8013,-9.38,18,100,5.19,RU,1673993174
204,sao jose da tapera,-9.5583,-37.3811,27.03,59,100,7.33,BR,1673993175
205,qaqortoq,60.7167,-46.0333,-9.75,64,100,4.27,GL,1673993176
206,geraldton,-28.7667,114.6,21.23,37,0,6.17,AU,1673993177
207,moree,-29.4667,149.85,23.9,51,0,5.44,AU,1673993178
208,ishurdi,24.1333,89.0833,12.62,44,0,2.59,BD,1673993179
209,kudahuvadhoo,2.6708,72.8944,26.98,75,98,4.07,MV,1673993181
210,barrow,71.2906,-156.7887,-21.99,77,100,8.75,US,1673993182
211,caxias,38.7031,-9.2767,11.9,74,20,6.69,PT,1673993183
212,iquitos,-3.7481,-73.2472,28.02,74,40,2.06,PE,1673993184
213,barcelos,41.5388,-8.6151,8.08,79,100,8.82,PT,1673993097
214,lavrentiya,65.5833,-171.0,-30.18,93,34,4.31,RU,1673993186
215,balkanabat,39.5108,54.3671,1.05,46,0,1.47,TM,1673993187
216,muroto,33.2833,134.15,10.24,68,100,1.41,JP,1673993189
217,gboko,7.3179,8.9951,27.6,16,17,3.2,NG,1673993192
218,ust-nera,64.5667,143.2,-38.35,100,100,2.64,RU,1673993193
219,hobyo,5.3505,48.5268,24.45,77,96,8.07,SO,1673993174
220,pacific grove,36.6177,-121.9166,14.73,71,0,3.13,US,1673993194
221,coihueco,-36.6167,-71.8333,29.2,18,22,4.73,CL,1673993195
222,chernyshevskiy,63.0128,112.4714,-51.57,100,66,1.44,RU,1673993196
223,auki,-8.7676,160.7034,27.11,84,100,4.52,SB,1673993087
224,okitipupa,6.5047,4.7839,22.54,94,7,1.52,NG,1673993199
225,neiafu,-18.65,-173.9833,30.38,79,40,5.14,TO,1673993200
226,yumen,40.2833,97.2,-12.22,67,0,13.37,CN,1673993201
227,yulara,-25.2406,130.9889,25.53,53,15,11.03,AU,1673993202
228,sicuani,-14.2694,-71.2261,13.4,56,99,0.95,PE,1673993205
229,constitucion,-35.3333,-72.4167,17.38,70,7,4.01,CL,1673993207
230,san luis,-33.295,-66.3356,25.88,47,83,1.16,AR,1673992914
231,pombal,-6.7703,-37.8017,30.02,43,100,5.96,BR,1673993208
232,harper,4.375,-7.7169,26.4,80,75,2.73,LR,1673993209
233,indramayu,-6.3264,108.32,25.12,88,100,3.59,ID,1673993210
234,dashitou,43.3067,128.5114,-18.18,77,1,2.6,CN,1673993211
235,hamilton,39.1834,-84.5333,14.91,58,1,3.13,US,1673992837
236,mulege,26.8833,-111.9833,21.55,37,77,4.96,MX,1673993213
237,aksu,41.1231,80.2644,-18.25,90,5,2.45,CN,1673993214
238,grand gaube,-20.0064,57.6608,25.77,77,100,4.02,MU,1673993215
239,santa cruz,-17.8,-63.1667,30.28,53,93,3.57,BO,1673992942
240,dongsheng,39.8161,109.9776,-13.14,68,0,6.62,CN,1673993217
241,kotelnich,58.3089,48.348,-8.33,95,100,3.99,RU,1673993218
242,bathsheba,13.2167,-59.5167,24.86,75,34,6.53,BB,1673992942
243,port hardy,50.6996,-127.4199,8.1,81,100,8.23,CA,1673992940
244,almendralejo,38.6832,-6.4075,7.29,80,76,10.67,ES,1673993221
245,raduzhnyy,62.0961,77.475,-16.76,97,100,3.62,RU,1673993222
246,dedza,-14.3779,34.3332,15.1,96,100,1.01,MW,1673993223
247,vaxjo,56.8777,14.8091,1.03,99,75,6.69,SE,1673993224
248,calipan,18.2958,-97.1667,29.16,24,89,0.43,MX,1673993225
249,dikson,73.5069,80.5464,-28.76,84,100,2.63,RU,1673993226
250,dicabisagan,17.0818,122.4157,23.09,88,100,5.59,PH,1673993227
251,lubao,14.9167,120.55,26.04,87,100,3.26,PH,1673993228
252,havre-saint-pierre,50.2334,-63.5986,3.2,100,100,4.63,CA,1673993229
253,pevek,69.7008,170.3133,-38.05,100,75,2.14,RU,1673993231
254,kaspiyskiy,45.3929,47.3707,-1.62,78,89,4.63,RU,1673993232
255,cabo san lucas,22.8909,-109.9124,25.34,56,40,8.75,MX,1673993067
256,kapuskasing,49.4169,-82.4331,-0.29,99,100,1.87,CA,1673993234
257,chihuahua,28.5,-106.0,21.78,22,73,14.14,MX,1673992816
258,flinders,-34.5833,150.8552,24.65,75,39,4.02,AU,1673993236
259,ceres,37.5949,-120.9577,12.81,86,75,1.54,US,1673993237
260,mutare,-18.9707,32.6709,17.7,98,100,1.84,ZW,1673993238
261,arenal,8.4593,-73.9433,30.71,59,17,1.23,CO,1673993239
262,dourbali,11.8091,15.8632,22.69,20,100,4.58,TD,1673993240
263,apache junction,33.4151,-111.5496,14.32,48,75,7.72,US,1673993079
264,khandbari,27.3747,87.2039,6.59,84,42,1.71,NP,1673993241
265,cockburn town,21.4612,-71.1419,24.04,57,7,5.82,TC,1673993242
266,tiksi,71.6872,128.8694,-29.93,100,100,2.96,RU,1673993243
267,arlit,18.7369,7.3853,16.39,18,1,3.98,NE,1673993244
268,whitehorse,60.7161,-135.0538,-5.11,89,100,0.45,CA,1673993245
269,zaranj,30.9667,61.8833,3.64,76,100,1.63,AF,1673993246
270,gwadar,25.1216,62.3254,19.88,63,16,1.18,PK,1673993247
271,sambava,-14.2667,50.1667,23.97,87,100,4.67,MG,1673993248
272,khrebtovaya,56.7032,104.2494,-25.17,97,100,3.34,RU,1673993249
273,datong,40.0936,113.2914,-13.28,81,6,3.18,CN,1673993250
274,pringsewu,-5.3582,104.9744,22.31,97,78,0.42,ID,1673993251
275,morki,56.4303,48.9947,-10.83,88,100,3.17,RU,1673993252
276,ulaangom,49.9811,92.0667,-23.38,96,100,0.43,MN,1673993254
277,jalesar,27.4833,78.3167,6.29,51,0,2.47,IN,1673993255
278,san policarpo,12.1791,125.5072,25.41,86,92,1.79,PH,1673993256
279,faanui,-16.4833,-151.75,27.16,71,80,5.69,PF,1673993257
280,singaraja,-8.112,115.0882,26.1,84,99,2.07,ID,1673993258
281,saint george,37.1041,-113.5841,6.35,75,100,6.69,US,1673993099
282,hays,30.0502,-98.0336,26.28,65,100,4.02,US,1673993259
283,pathein,16.7833,94.7333,17.61,74,10,2.09,MM,1673993260
284,kahului,20.8947,-156.47,27.76,67,20,3.58,US,1673993261
285,amga,60.8953,131.9608,-49.62,99,100,0.52,RU,1673993262
286,dingle,10.9995,122.6711,23.58,96,100,2.93,PH,1673993263
287,aksarka,66.5606,67.7975,-12.98,94,100,2.93,RU,1673993264
288,port elizabeth,-33.918,25.5701,24.62,98,100,0.45,ZA,1673993265
289,menongue,-14.6585,17.691,17.59,97,100,2.62,AO,1673993266
290,xiongzhou,25.1167,114.3,5.32,75,100,1.87,CN,1673993267
291,eirunepe,-6.6603,-69.8736,25.02,85,91,0.97,BR,1673993230
292,fukue,32.6881,128.8419,7.57,62,95,9.16,JP,1673993268
293,kalanguy,51.0167,116.5167,-20.94,100,100,1.12,RU,1673993269
294,chokurdakh,70.6333,147.9167,-36.87,100,66,2.46,RU,1673993270
295,hermon,44.8101,-68.9134,1.4,85,75,2.06,US,1673993271
296,chifeng,42.2683,118.9636,-15.44,81,4,2.35,CN,1673993273
297,homer,59.6425,-151.5483,2.09,94,100,1.79,US,1673993274
298,tacuarembo,-31.7333,-55.9833,35.11,16,0,5.16,UY,1673993274
299,aras,42.5617,-2.356,2.23,65,0,7.72,ES,1673993275
300,komsomolskiy,40.4272,71.7189,-9.6,79,3,2.06,UZ,1673993277
301,atambua,-9.1061,124.8925,23.68,84,97,0.07,ID,1673993278
302,imbituba,-28.24,-48.6703,23.47,96,100,2.77,BR,1673993279
303,armentieres,50.6857,2.8821,0.59,82,99,0.89,FR,1673993280
304,haflong,25.1833,93.0333,9.22,65,0,0.44,IN,1673993281
305,straumen,63.8709,11.2999,3.0,74,100,3.68,NO,1673993282
306,kushiro,42.975,144.3747,-9.47,67,75,2.57,JP,1673993060
307,la ronge,55.1001,-105.2842,-7.35,94,100,2.4,CA,1673993284
308,wanning,18.8003,110.3967,15.86,86,100,5.8,CN,1673993285
309,dwarka,22.2394,68.9678,18.92,41,26,5.08,IN,1673993286
310,belmonte,-15.8631,-38.8828,25.18,81,8,3.23,BR,1673993287
311,sobolevo,54.4299,31.8996,0.62,98,100,6.98,RU,1673993288
312,yola,9.2,12.4833,24.74,22,48,2.13,NG,1673993291
313,miri,4.4148,114.0089,23.45,89,35,1.8,MY,1673993292
314,chapais,49.7834,-74.8492,-9.02,91,99,0.79,CA,1673993292
315,sur,22.5667,59.5289,20.45,65,90,5.25,OM,1673993293
316,nikolayevka,53.1257,47.2041,-15.08,99,82,1.89,RU,1673993294
317,juegang,32.3174,121.1855,-1.16,67,23,3.59,CN,1673993295
318,montepuez,-13.1256,38.9997,20.31,98,100,0.65,MZ,1673993297
319,sistranda,63.7256,8.834,2.98,63,100,13.74,NO,1673993298
320,hithadhoo,-0.6,73.0833,26.82,68,71,2.96,MV,1673993299
321,chara,56.9064,118.2631,-35.11,82,98,0.27,RU,1673993300
322,ivybridge,50.3904,-3.9191,1.84,89,7,2.88,GB,1673993301
323,coquimbo,-29.9533,-71.3436,20.85,60,0,5.66,CL,1673992996
324,santa vitoria do palmar,-33.5189,-53.3681,22.99,70,0,5.71,BR,1673992902
325,westport,41.1415,-73.3579,7.07,63,100,2.57,US,1673993303
326,smithers,54.7804,-127.1743,0.2,94,100,1.51,CA,1673993304
327,alikalia,9.1667,-11.4,22.29,19,27,1.16,SL,1673993306
328,barra do garcas,-15.89,-52.2567,24.41,87,100,2.02,BR,1673993306
329,shizuishan,39.2333,106.7694,-10.77,52,0,1.48,CN,1673993307
330,avera,33.194,-82.5271,16.73,94,97,2.54,US,1673993308
331,anchorage,61.2181,-149.9003,0.73,87,81,3.58,US,1673992957
332,ketchikan,55.3422,-131.6461,5.26,87,100,8.75,US,1673993310
333,kavaratti,10.5669,72.642,26.41,74,10,2.65,IN,1673993311
334,teya,60.3778,92.6267,-42.22,100,54,0.71,RU,1673993312
335,male,4.1748,73.5089,26.61,79,77,5.25,MV,1673992889
336,fort-shevchenko,44.5086,50.263,-0.24,46,0,4.98,KZ,1673993314
337,gushikawa,26.3544,127.8686,15.57,73,75,1.54,JP,1673993315
338,cabedelo,-6.9811,-34.8339,24.37,81,100,5.13,BR,1673993316
339,svobodnyy,51.4,128.1333,-40.11,100,27,0.89,RU,1673993317
340,hofn,64.2539,-15.2082,-4.99,58,0,7.2,IS,1673993318
341,oksfjord,70.2396,22.3479,3.1,81,34,3.34,NO,1673993319
342,san jeronimo,-11.9472,-75.2829,16.59,53,88,2.72,PE,1673993320
343,beckley,37.7782,-81.1882,10.93,92,75,3.6,US,1673993322
344,capitao poco,-1.7464,-47.0594,22.95,96,77,2.37,BR,1673993323
345,ambon,-3.6954,128.1814,25.69,15,20,4.12,ID,1673993323
346,tadine,-21.55,167.8833,25.52,65,99,5.53,NC,1673993178
347,ambilobe,-13.2,49.05,22.46,95,100,0.83,MG,1673993325
348,aguimes,27.9054,-15.4461,15.92,77,75,5.14,ES,1673993326
349,marzuq,14.4,46.4667,16.4,69,24,1.97,YE,1673993327
350,udachnyy,66.4167,112.4,-48.54,99,94,1.95,RU,1673993328
351,golaghat,26.5167,93.9667,11.34,81,1,1.74,IN,1673993329
352,gayeri,12.6497,0.4931,21.97,18,6,4.03,BF,1673993329
353,zheleznodorozhnyy,55.7503,38.0042,0.34,92,100,6.27,RU,1673993330
354,nome,64.5011,-165.4064,-18.96,65,100,5.66,US,1673993331
355,vieste,41.8825,16.175,14.84,72,49,8.12,IT,1673993332
356,port hueneme,34.1478,-119.1951,17.1,55,0,9.77,US,1673993333
357,kyshtovka,56.555,76.6271,-18.66,99,12,2.74,RU,1673993334
358,tandalti,13.0167,31.8667,19.86,22,52,5.57,SD,1673993334
359,jacareacanga,-6.2222,-57.7528,22.01,99,100,1.77,BR,1673993335
360,comodoro rivadavia,-45.8667,-67.5,20.83,61,16,6.67,AR,1673993328
361,ponto novo,-10.8628,-40.1336,27.5,47,98,4.39,BR,1673993337
362,ozinki,51.1786,49.6769,-9.6,96,25,3.86,RU,1673993338
363,dunedin,-45.8742,170.5036,16.0,72,83,0.89,NZ,1673993340
364,cairns,-16.9167,145.7667,26.7,97,100,1.03,AU,1673993340
365,kovdor,67.5662,30.4758,-5.14,89,84,3.36,RU,1673993341
366,whitianga,-36.8333,175.7,18.45,73,85,4.77,NZ,1673993342
367,siemiatycze,52.4272,22.8623,1.4,93,54,2.58,PL,1673993344
368,xining,36.6167,101.7667,-16.89,79,25,1.25,CN,1673993154
369,capreol,46.706,-80.9225,-0.25,100,100,3.09,CA,1673993346
370,seoul,37.5683,126.9778,-4.31,60,81,1.48,KR,1673993133
371,marabba,12.35,32.1833,22.78,21,23,6.1,SD,1673993347
372,plettenberg bay,-34.0527,23.3716,21.96,94,100,2.4,ZA,1673993348
373,kailua,21.4022,-157.7394,28.28,53,20,1.54,US,1673993223
374,bubaque,11.2833,-15.8333,25.21,74,89,5.6,GW,1673993351
375,jawala mukhi,31.8833,76.3167,7.15,57,86,0.97,IN,1673993352
376,pauini,-7.7136,-66.9764,26.58,84,80,0.23,BR,1673993353
377,roald,62.5833,6.1333,2.09,93,0,1.54,NO,1673993354
378,weihai,37.5017,122.1136,-0.84,47,3,3.38,CN,1673993355
379,izhmorskiy,56.194,86.6414,-24.67,99,97,1.9,RU,1673993356
380,oparino,59.8518,48.2783,-8.95,94,100,4.0,RU,1673993358
381,kargopol,61.5071,38.9456,-6.56,95,95,3.14,RU,1673993359
382,husavik,66.0449,-17.3389,-4.47,75,100,6.6,IS,1673993360
383,ndele,8.4109,20.6473,23.53,23,83,2.17,CF,1673993179
384,terrasini,38.146,13.0844,16.76,60,40,11.32,IT,1673993361
385,rocha,-34.4833,-54.3333,23.81,59,0,6.23,UY,1673993362
386,fort nelson,58.8053,-122.7002,-9.47,77,91,0.81,CA,1673993363
387,kirovskiy,45.0917,133.5136,-23.8,100,81,0.92,RU,1673993364
388,khuldabad,20.05,75.1833,15.42,51,0,1.96,IN,1673993365
389,seymchan,62.8833,152.4333,-32.59,96,100,1.4,RU,1673993367
390,touros,-5.1989,-35.4608,25.6,82,75,5.75,BR,1673993368
391,nyurba,63.2842,118.3319,-53.77,100,83,0.86,RU,1673993369
392,zhuhai,22.2769,113.5678,11.88,71,20,10.29,CN,1673993370
393,ahipara,-35.1667,173.1667,21.04,62,0,3.75,NZ,1673993371
394,buraydah,26.326,43.975,11.17,73,0,3.74,SA,1673993076
395,gunjur,13.2019,-16.7339,24.58,59,72,6.04,GM,1673993372
396,ouargaye,11.5033,0.0572,24.18,17,6,4.13,BF,1673993373
397,batemans bay,-35.7167,150.1833,21.72,52,86,2.39,AU,1673993375
398,grindavik,63.8424,-22.4338,-4.74,74,20,8.75,IS,1673993376
399,nadym,65.5333,72.5167,-16.19,97,95,3.77,RU,1673993377
400,vao,-22.6667,167.4833,23.97,72,100,7.7,NC,1673993178
401,mehamn,71.0357,27.8492,1.97,80,0,8.23,NO,1673993379
402,gao,16.6362,1.637,19.19,14,47,4.85,ML,1673993380
403,vestmanna,62.1564,-7.1664,1.51,75,75,12.86,FO,1673993381
404,bedele,8.456,36.353,13.01,50,29,1.59,ET,1673993382
405,shache,38.4167,77.2406,-20.66,99,36,1.56,CN,1673993383
406,lahat,-3.8,103.5333,22.04,98,100,0.7,ID,1673993383
407,marawi,7.9986,124.2928,19.86,95,89,1.11,PH,1673993254
408,takoradi,4.8845,-1.7554,26.82,82,36,3.79,GH,1673993386
409,goya,-29.14,-59.2626,37.75,20,0,2.14,AR,1673993387
410,nhulunbuy,-12.2333,136.7667,26.34,89,40,3.6,AU,1673993388
411,saint-pierre,-21.3393,55.4781,26.98,57,0,6.17,RE,1673993196
412,nouadhibou,20.931,-17.0347,19.08,70,98,9.24,MR,1673993389
413,jiuquan,39.7432,98.5174,-14.15,75,0,1.7,CN,1673993390
414,xanlar,40.5869,46.3158,-3.27,80,20,3.09,AZ,1673993391
415,sivas,39.7916,37.0019,-1.65,93,40,2.57,TR,1673993392
416,pontarlier,46.8333,6.25,-0.59,95,87,5.92,FR,1673993393
417,nago,26.5881,127.9761,14.24,73,94,6.26,JP,1673993394
418,kautokeino,69.0125,23.0412,-19.21,98,29,2.7,NO,1673993395
419,ust-kuyga,70.0167,135.6,-40.08,100,93,0.56,RU,1673993396
420,santiago del estero,-27.7951,-64.2615,39.77,18,70,5.22,AR,1673993397
421,uyuni,-20.4597,-66.825,9.9,63,95,6.5,BO,1673993398
422,egvekinot,66.3167,-179.1667,-30.66,86,12,5.78,RU,1673993398
423,labuhan,-6.8844,112.2051,24.83,87,100,3.08,ID,1673993399
424,sarangani,5.4033,125.4636,26.87,76,99,0.99,PH,1673993400
425,progreso,21.2833,-89.6667,31.06,52,1,5.41,MX,1673993401
426,adrar,20.5022,-10.0711,19.64,16,98,4.13,MR,1673993402
427,marsaxlokk,35.8419,14.5431,17.27,67,0,5.66,MT,1673993403
428,okhotsk,59.3833,143.3,-28.14,97,100,3.5,RU,1673993404
429,los llanos de aridane,28.6585,-17.9182,14.86,78,100,3.6,ES,1673993405
430,manggar,-2.8833,108.2667,25.8,82,100,4.29,ID,1673993406
431,abu samrah,35.3029,37.1841,9.48,86,7,2.33,SY,1673993406
432,nanortalik,60.1432,-45.2371,-6.2,71,100,2.44,GL,1673993407
433,dharchula,29.85,80.5333,5.06,32,17,3.54,IN,1673993409
434,kharp,66.8014,65.8081,-11.98,94,100,1.96,RU,1673993410
435,atbasar,51.8,68.3333,-22.32,74,13,0.56,KZ,1673993411
436,vuktyl,63.8567,57.3094,-10.23,94,100,5.12,RU,1673993412
437,mount gambier,-37.8333,140.7667,15.38,79,100,4.35,AU,1673993413
438,chicama,-7.8447,-79.1469,23.3,57,22,4.32,PE,1673993414
439,leshukonskoye,64.8989,45.7622,-7.35,94,98,3.59,RU,1673993415
440,baghdad,33.3406,44.4009,10.95,82,0,6.17,IQ,1673993398
441,lucapa,-8.4192,20.7447,16.6,94,100,0.72,AO,1673993417
442,puerto leguizamo,-0.1934,-74.7819,24.66,95,100,0.67,CO,1673993418
443,esmeraldas,-19.7625,-44.3139,26.48,78,19,1.7,BR,1673993419
444,bardiyah,31.7561,25.0865,14.33,64,0,5.61,LY,1673993420
445,eslamshahr,35.5605,51.2346,-0.31,74,31,0.0,IR,1673993421
446,manakara,-22.1333,48.0167,24.04,82,28,1.16,MG,1673993421
447,magistralnyy,56.1725,107.4458,-19.58,98,100,2.6,RU,1673993422
448,alim,9.5649,122.4876,25.58,85,98,1.69,PH,1673993423
449,fortuna,40.5982,-124.1573,12.74,69,100,3.09,US,1673993424
450,flagstaff,35.1981,-111.6513,-1.38,87,100,8.75,US,1673993373
451,katunino,64.3862,40.6298,-1.06,95,95,2.92,RU,1673993425
452,uray,60.1247,64.7758,-11.36,86,63,4.08,RU,1673993426
453,digby,44.6169,-65.7655,1.99,90,100,5.67,CA,1673993227
454,pasni,25.2631,63.471,19.64,56,36,1.33,PK,1673993428
455,maridi,4.9158,29.4742,23.37,33,12,2.32,SS,1673993429
456,visnes,59.3556,5.2242,2.03,93,20,5.14,NO,1673993430
457,chulucanas,-5.0925,-80.1625,31.02,39,99,6.78,PE,1673993431
458,shemonaikha,50.6328,81.9056,-17.33,98,100,2.03,KZ,1673993432
459,port hedland,-20.3167,118.5667,28.03,83,75,3.6,AU,1673993433
460,artigas,-30.4,-56.4667,36.84,13,0,5.53,UY,1673993435
461,tashla,51.7716,52.7427,-15.97,90,9,2.75,RU,1673993436
462,bijapur,16.8333,75.7,19.8,33,1,4.33,IN,1673993438
463,kulhudhuffushi,6.6221,73.07,26.9,76,83,6.62,MV,1673993439
464,ponta delgada,37.7333,-25.6667,13.4,71,40,8.75,PT,1673993439
465,durban,-29.8579,31.0292,25.01,91,96,1.79,ZA,1673993141
466,dnestrovsc,46.6222,29.9133,7.86,95,49,5.81,MD,1673993441
467,guanica,17.9716,-66.908,27.21,66,31,1.43,PR,1673993442
468,saint-joseph,-21.3667,55.6167,26.37,78,95,6.93,RE,1673993443
469,ugoofaaru,5.6667,73.0,26.75,79,67,6.54,MV,1673993444
470,saint-francois,46.4154,3.9054,2.69,91,75,3.09,FR,1673993445
471,atar,20.5169,-13.0499,21.99,14,99,3.36,MR,1673993196
472,half moon bay,37.4636,-122.4286,14.69,61,0,4.63,US,1673993446
473,kingseat,56.0974,-3.4084,1.06,84,0,5.14,GB,1673993447
474,slobidka,47.8869,29.3461,6.18,94,45,5.77,UA,1673993448
475,katherine,-14.4667,132.2667,27.18,83,75,3.09,AU,1673993449
476,diu,20.7141,70.9822,17.04,32,1,3.65,IN,1673993451
477,morgan city,29.6994,-91.2068,25.01,73,76,3.34,US,1673993451
478,bilibino,68.0546,166.4372,-32.94,94,6,2.06,RU,1673993452
479,fare,-16.7,-151.0167,26.8,74,57,5.37,PF,1673993453
480,dauphin,51.1494,-100.0502,-12.65,96,100,0.59,CA,1673993454
481,neftcala,39.3742,49.2472,6.48,84,64,1.66,AZ,1673993455
482,kinsale,51.7075,-8.5306,0.65,93,40,5.66,IE,1673993456
483,aykhal,66.0,111.5,-44.8,99,88,3.04,RU,1673993457
484,dovers,12.8833,-61.1833,25.25,76,10,5.19,VC,1673993458
485,hambantota,6.1241,81.1185,24.07,77,90,6.36,LK,1673993460
486,el vigia,8.6219,-71.6506,26.83,79,75,0.56,VE,1673993461
487,luwingu,-10.2621,29.9271,16.69,95,100,1.31,ZM,1673993462
488,port lincoln,-34.7333,135.8667,16.4,77,100,7.81,AU,1673993463
489,tra vinh,9.9347,106.3453,22.22,92,49,1.12,VN,1673993464
490,vestmannaeyjar,63.4427,-20.2734,-3.89,73,0,8.21,IS,1673993464
491,renfrew,55.872,-4.3925,2.02,86,67,4.63,GB,1673993465
492,pahrump,36.2083,-115.9839,10.14,47,92,5.36,US,1673993467
493,batagay,67.6333,134.6333,-41.65,98,100,0.56,RU,1673993468
494,torbay,47.6666,-52.7314,10.22,97,100,9.26,CA,1673993249
495,san patricio,28.017,-97.5169,26.21,64,77,6.65,US,1673993470
496,toro,4.6117,-76.0814,26.38,85,50,2.14,CO,1673993431
497,sangar,63.9242,127.4739,-50.15,100,84,1.17,RU,1673993472
498,fereydun kenar,36.6864,52.5225,7.93,65,77,1.08,IR,1673993473
499,semnan,35.5729,53.3971,2.92,62,100,1.32,IR,1673993474
500,sawtell,-30.3833,153.1,22.01,83,100,5.14,AU,1673993475
501,dowa,-13.654,33.9375,17.25,92,100,0.51,MW,1673993476
502,college,64.8569,-147.8028,-17.74,77,20,0.0,US,1673993258
503,kalmunai,7.4167,81.8167,23.86,83,97,3.31,LK,1673993477
504,kananga,-5.8958,22.4178,18.06,96,100,0.22,CD,1673993478
505,hostotipaquillo,21.0667,-104.0667,27.87,9,68,3.61,MX,1673993479
506,matara,5.9485,80.5353,22.52,87,100,3.28,LK,1673993480
507,springbok,-29.6643,17.8865,22.48,46,67,1.59,ZA,1673993481
508,san quintin,30.4833,-115.95,14.72,62,23,9.29,MX,1673993482
509,the valley,18.217,-63.0578,25.08,73,40,4.12,AI,1673993482
510,caravelas,-17.7125,-39.2481,24.56,82,57,2.19,BR,1673993483
511,humberto de campos,-2.5983,-43.4611,23.3,92,83,2.25,BR,1673993484
512,ust-omchug,61.15,149.6333,-41.73,97,45,2.26,RU,1673993485
513,zastron,-30.3023,27.084,23.18,26,25,3.57,ZA,1673993486
514,council bluffs,41.2619,-95.8608,5.79,72,40,5.66,US,1673993289
515,cam ranh,11.9214,109.1591,23.98,64,40,5.66,VN,1673993488
516,galle,6.0367,80.217,23.11,86,100,1.86,LK,1673993141
517,caernarfon,53.1413,-4.2702,4.85,34,75,9.77,GB,1673993489
518,port-cartier,50.0334,-66.8654,0.42,91,100,2.84,CA,1673993491
519,saryg-sep,51.5,95.6,-17.84,99,100,0.24,RU,1673993493
520,solnechnyy,50.7214,136.6319,-28.25,98,100,0.98,RU,1673993493
521,puerto colombia,10.9878,-74.9547,28.05,80,28,8.86,CO,1673993494
522,buchanan,5.8808,-10.0467,26.09,86,55,2.9,LR,1673993495
523,mashhad,36.297,59.6062,-1.92,86,100,0.0,IR,1673993496
524,pontal do parana,-25.6533,-48.5128,24.45,94,91,1.88,BR,1673993498
525,kupang,-10.1667,123.5833,25.32,100,40,0.0,ID,1673993499
526,wattegama,6.7989,81.4808,21.0,87,80,2.22,LK,1673993500
527,shiyan,32.6475,110.7781,-1.32,62,77,1.9,CN,1673993502
528,port keats,-14.25,129.55,27.4,85,100,3.44,AU,1673993502
529,coihaique,-45.5752,-72.0662,28.34,24,0,3.6,CL,1673993504
530,ola,59.5833,151.2833,-27.97,85,65,5.71,RU,1673993505
531,vila franca do campo,37.7167,-25.4333,13.23,78,70,4.17,PT,1673993505
532,riverton,40.5219,-111.9391,3.13,90,100,5.66,US,1673993408
533,carauari,-4.8828,-66.8958,26.22,81,92,1.43,BR,1673993507
534,kununurra,-15.7667,128.7333,26.99,89,100,0.0,AU,1673993363
535,ciudad bolivar,8.1222,-63.5497,31.05,37,93,3.98,VE,1673993509
536,poienile de sub munte,47.8167,24.4333,3.0,78,94,1.95,RO,1673993509
537,santa rosa,14.3122,121.1114,25.99,91,100,6.28,PH,1673993510
538,balaguer,41.7912,0.8109,4.87,82,69,6.27,ES,1673993511
539,jumla,29.2747,82.1838,-1.69,22,6,2.11,NP,1673993512
540,samarai,-10.6167,150.6667,28.08,76,76,4.98,PG,1673993513
541,kang,-23.6752,22.7876,25.7,44,13,5.71,BW,1673993514
542,hami,42.8,93.45,-10.01,51,44,2.36,CN,1673993515
543,zyryanskoye,56.8306,86.6258,-32.51,100,91,1.65,RU,1673993516
544,show low,34.2542,-110.0298,0.56,78,75,9.77,US,1673993517
545,praia da vitoria,38.7333,-27.0667,13.75,82,77,5.94,PT,1673993518
546,krasnoselkup,65.7,82.4667,-30.13,86,99,4.78,RU,1673993519
547,navirai,-23.065,-54.1906,25.42,83,90,1.44,BR,1673993520
548,vodnyy,63.5046,53.4095,-8.39,93,100,3.75,RU,1673993521
549,havoysund,70.9963,24.6622,2.13,82,78,6.55,NO,1673993522
550,ambovombe,-25.1667,46.0833,23.12,84,0,4.5,MG,1673993523
551,den helder,52.9599,4.7593,3.99,66,40,5.36,NL,1673993524
552,teguise,29.0605,-13.564,16.12,63,75,4.12,ES,1673993525
553,liverpool,53.4106,-2.9779,2.27,91,75,2.06,GB,1673992779
